{
        "mean": [
                42048.91796875,
                42111.51953125,
                41988.80859375,
                42052.07421875,
                1210.16455078125,
                0.04009730741381645,
                0.49463868141174316,
                49.977081298828125,
                398.2206726074219,
                1.0088170766830444
        ],
        "std": [
                1153.5361328125,
                1154.5504150390625,
                1153.9844970703125,
                1154.0479736328125,
                303.25732421875,
                0.009949983097612858,
                0.1974104642868042,
                14.810996055603027,
                99.72801971435547,
                0.2972186803817749
        ],
        "feature_names": [
                "open",
                "high",
                "low",
                "close",
                "volume",
                "bbw",
                "delta_buy",
                "rsi_14",
                "atr_14",
                "vol_ratio_20"
        ],
        "n_janela": 50,
        "n_features": 10
}