{
    "mean": [
        42007.53125,
        41988.046875,
        41987.015625,
        42007.8984375,
        1210.2252197265625,
        0.040105536580085754,
        0.5236292481422424
    ],
    "std": [
        503.61871337890625,
        504.11859130859375,
        504.4788818359375,
        510.0413513183594,
        300.3034362792969,
        0.010020900517702103,
        0.333537220954895
    ],
    "feature_names": [
        "open",
        "high",
        "low",
        "close",
        "volume",
        "bbw",
        "delta_buy"
    ]
}