{
    "mean": [
        -0.011187641881406307,
        0.01126847229897976,
        0.024804381653666496,
        -0.02629503794014454,
        -0.032573048025369644,
        0.03040154278278351,
        0.010898145847022533
    ],
    "std": [
        0.9849762320518494,
        1.012567400932312,
        1.0113853216171265,
        1.0078091621398926,
        1.0152337551116943,
        1.0196144580841064,
        0.9635401368141174
    ],
    "feature_names": [
        "open",
        "high",
        "low",
        "close",
        "volume",
        "bbw",
        "delta_buy"
    ]
}