{
        "mean": [
                45937.87890625,
                45996.421875,
                45874.1640625,
                45934.140625,
                1195.443115234375,
                0.04014597460627556,
                0.5017491579055786,
                49.983028411865234,
                401.9708251953125,
                0.9888103604316711
        ],
        "std": [
                3195.33447265625,
                3194.779541015625,
                3195.62548828125,
                3195.67578125,
                299.4274597167969,
                0.00998296495527029,
                0.19512565433979034,
                14.931222915649414,
                99.28492736816406,
                0.2931841015815735
        ],
        "feature_names": [
                "open",
                "high",
                "low",
                "close",
                "volume",
                "bbw",
                "delta_buy",
                "rsi_14",
                "atr_14",
                "vol_ratio_20"
        ],
        "n_janela": 50,
        "n_features": 10
}